{"ok": true, "error": null, "rel_err": 0.003105590062111801, "us": 187.42400407791138, "tflops": 1237.452134933519, "cublas_us": 167.10400581359863, "cublas_tflops": 1387.927433904317, "num_sms": 148, "grid": 148, "vs_cublas": 0.8915827331494538}