{"ok": true, "error": null, "rel_err": 0.003105590062111801, "us": 230.30400276184082, "tflops": 1007.0525531587865, "cublas_us": 162.9759967327118, "cublas_tflops": 1423.082163224153, "num_sms": 148, "grid": 148, "vs_cublas": 0.7076559450911784}