{"ok": true, "error": null, "rel_err": 0.003105590062111801, "us": 193.6960071325302, "tflops": 1197.3826276414188, "cublas_us": 167.04000532627106, "cublas_tflops": 1388.459210899724, "num_sms": 148, "grid": 148, "vs_cublas": 0.8623822855159805}