{"ok": true, "error": null, "rel_err": 0.0031847133757961785, "us": 39.96799886226654, "tflops": 725.3560366608745, "cublas_us": 25.66399984061718, "cublas_tflops": 1129.6379920528711, "num_sms": 148, "grid": 148, "vs_cublas": 0.6421137052434804}