{"ok": true, "error": null, "rel_err": 0.003105590062111801, "us": 193.37600469589233, "tflops": 1199.364080092232, "cublas_us": 164.92800414562225, "cublas_tflops": 1406.2392568530709, "num_sms": 148, "grid": 148, "vs_cublas": 0.8528876393169459}