{"ok": true, "error": null, "rel_err": 0.003105590062111801, "us": 183.23199450969696, "tflops": 1265.7627539590305, "cublas_us": 164.8319959640503, "cublas_tflops": 1407.0583361411418, "num_sms": 148, "grid": 148, "vs_cublas": 0.8995808641668586}