{
  "shape": [
    32768,
    4608,
    768
  ],
  "config": {
    "bm": 128,
    "bn": 256,
    "bk": 64,
    "ns": 5,
    "gsm": 1,
    "nw": 4,
    "persistent": 1,
    "ld_width": 8,
    "overlap": 1,
    "split_epilogue": 0,
    "l1_no_alloc": 0,
    "tma_pipelined": 1,
    "single_tmem": 0
  },
  "warmup_ms": 300,
  "rep_ms": 200,
  "cublas_tflops": 1355.734683408308,
  "cublas_samples": [
    1355.2275668852526,
    1356.2419664666752,
    1327.7928565410853,
    1355.9882832991327,
    1372.1615060159465,
    1355.4810835174833,
    1354.7209359210437,
    1371.382660905134,
    1370.345494631727,
    1355.4810835174833
  ],
  "results": [
    {
      "stages": 3,
      "shared_bytes": 214016,
      "source": "study-tma-store-stages/_scratch/tier3_cluster_swizzle_tc1_bm128_bn256_bk64_ns5_gsm1_nw4_ld8_ov1_sp0_l10_tp1_st0_ts3/kernel.cu",
      "correct": true,
      "tflops": 1278.48953840822,
      "vs_cublas": 0.9430234057257469,
      "us": 181.40800297260284,
      "rel_err": 0.003105590062111801,
      "error": null
    },
    {
      "stages": 2,
      "shared_bytes": 197632,
      "source": "study-tma-store-stages/_scratch/tier3_cluster_swizzle_tc1_bm128_bn256_bk64_ns5_gsm1_nw4_ld8_ov1_sp0_l10_tp1_st0_ts2/kernel.cu",
      "correct": true,
      "tflops": 1294.242423290818,
      "vs_cublas": 0.9546428509427088,
      "us": 179.19999361038208,
      "rel_err": 0.003105590062111801,
      "error": null
    }
  ]
}