{
  "shape": [
    32768,
    4608,
    768
  ],
  "config": {
    "bm": 128,
    "bn": 256,
    "bk": 64,
    "ns": 5,
    "gsm": 1,
    "nw": 4,
    "persistent": 1,
    "ld_width": 8,
    "overlap": 1,
    "split_epilogue": 0,
    "l1_no_alloc": 0,
    "tma_pipelined": 1,
    "single_tmem": 0
  },
  "warmup_ms": 300,
  "rep_ms": 200,
  "cublas_tflops": 1355.4810835174833,
  "cublas_samples": [
    1355.9882832991327,
    1355.4810835174833,
    1354.9742630244075,
    1371.1231617847347,
    1308.7319577007022,
    1265.099878792525,
    1355.4810835174833,
    1354.7209359210437,
    1371.1231617847347,
    1364.4121611051703
  ],
  "results": [
    {
      "stages": 1,
      "alloc_stages": 4,
      "shared_bytes": 230400,
      "source": "study-tma-store-stages/_scratch/tier3_cluster_swizzle_tc1_bm128_bn256_bk64_ns5_gsm1_nw4_ld8_ov1_sp0_l10_tp1_st0_ts1/kernel.cu",
      "correct": true,
      "tflops": 1310.9807758322454,
      "vs_cublas": 0.9671701005448492,
      "us": 176.91200226545334,
      "rel_err": 0.003105590062111801,
      "error": null
    },
    {
      "stages": 2,
      "alloc_stages": 4,
      "shared_bytes": 230400,
      "source": "study-tma-store-stages/_scratch/tier3_cluster_swizzle_tc1_bm128_bn256_bk64_ns5_gsm1_nw4_ld8_ov1_sp0_l10_tp1_st0_ts2/kernel.cu",
      "correct": true,
      "tflops": 1307.7873586646053,
      "vs_cublas": 0.9648141715640086,
      "us": 177.34399437904358,
      "rel_err": 0.003105590062111801,
      "error": null
    }
  ]
}