{
  "shape": [
    32768,
    4608,
    768
  ],
  "config": {
    "bm": 128,
    "bn": 256,
    "bk": 64,
    "ns": 5,
    "gsm": 1,
    "nw": 4,
    "persistent": 1,
    "ld_width": 8,
    "overlap": 1,
    "split_epilogue": 0,
    "l1_no_alloc": 0,
    "tma_pipelined": 1,
    "single_tmem": 0
  },
  "warmup_ms": 300,
  "rep_ms": 200,
  "cublas_tflops": 1355.3543252013678,
  "cublas_samples": [
    1371.642137391616,
    1354.7209359210437,
    1309.4412478639258,
    1238.721109338115,
    1363.6419663392553,
    1371.382660905134,
    1355.2275668852526,
    1355.4810835174833,
    1371.1231617847347,
    1339.448775467648
  ],
  "results": [
    {
      "stages": 1,
      "shared_bytes": 181248,
      "source": "study-tma-store-stages/_scratch/tier3_cluster_swizzle_tc1_bm128_bn256_bk64_ns5_gsm1_nw4_ld8_ov1_sp0_l10_tp1_st0_ts1/kernel.cu",
      "correct": true,
      "tflops": 1324.2750439236465,
      "vs_cublas": 0.977069257315349,
      "us": 175.135999917984,
      "rel_err": 0.003105590062111801,
      "error": null
    },
    {
      "stages": 2,
      "shared_bytes": 197632,
      "source": "study-tma-store-stages/_scratch/tier3_cluster_swizzle_tc1_bm128_bn256_bk64_ns5_gsm1_nw4_ld8_ov1_sp0_l10_tp1_st0_ts2/kernel.cu",
      "correct": true,
      "tflops": 1293.5493913194882,
      "vs_cublas": 0.9543994269744208,
      "us": 179.29600179195404,
      "rel_err": 0.003105590062111801,
      "error": null
    }
  ]
}