{
  "shape": [
    32768,
    4608,
    768
  ],
  "config": {
    "bm": 128,
    "bn": 256,
    "bk": 64,
    "ns": 5,
    "gsm": 1,
    "nw": 4,
    "persistent": 1,
    "ld_width": 8,
    "overlap": 1,
    "split_epilogue": 0,
    "l1_no_alloc": 0,
    "tma_pipelined": 1,
    "single_tmem": 0
  },
  "warmup_ms": 300,
  "rep_ms": 200,
  "cublas_tflops": 1360.071788155272,
  "cublas_samples": [
    1371.642137391616,
    1371.9018330107083,
    1364.1552930114115,
    1371.1231617847347,
    1354.9742630244075,
    1370.8638815940076,
    1355.9882832991327,
    1355.9882832991327,
    1355.4810835174833,
    1339.9440459356424
  ],
  "results": [
    {
      "stages": 2,
      "shared_bytes": 197632,
      "source": "study-tma-store-stages/_scratch/tier3_cluster_swizzle_tc1_bm128_bn256_bk64_ns5_gsm1_nw4_ld8_ov1_sp0_l10_tp1_st0_ts2/kernel.cu",
      "correct": true,
      "tflops": 1293.3186172113233,
      "vs_cublas": 0.95091937681136,
      "us": 179.32799458503723,
      "rel_err": 0.003105590062111801,
      "error": null
    },
    {
      "stages": 4,
      "shared_bytes": 230400,
      "source": "study-tma-store-stages/_scratch/tier3_cluster_swizzle_tc1_bm128_bn256_bk64_ns5_gsm1_nw4_ld8_ov1_sp0_l10_tp1_st0_ts4/kernel.cu",
      "correct": true,
      "tflops": 1278.7151553768667,
      "vs_cublas": 0.9401821039985301,
      "us": 181.37599527835846,
      "rel_err": 0.003105590062111801,
      "error": null
    }
  ]
}