{
  "shape": [
    32768,
    4608,
    768
  ],
  "config": {
    "bm": 128,
    "bn": 256,
    "bk": 64,
    "ns": 5,
    "gsm": 1,
    "nw": 4,
    "persistent": 1,
    "ld_width": 8,
    "overlap": 1,
    "split_epilogue": 0,
    "l1_no_alloc": 0,
    "tma_pipelined": 1,
    "single_tmem": 0
  },
  "warmup_ms": 100,
  "rep_ms": 200,
  "cublas_tflops": 1363.9392618502102,
  "cublas_samples": [
    1356.4958627952867,
    1371.382660905134,
    1389.257702886889,
    1389.7904999374002,
    1198.3725809417517,
    1355.4810835174833,
    1355.7345769252588,
    1308.2594876761084,
    1387.927433904317,
    1388.193333381416
  ],
  "results": [
    {
      "stages": 2,
      "shared_bytes": 197632,
      "source": "study-tma-store-stages/_scratch/tier3_cluster_swizzle_tc1_bm128_bn256_bk64_ns5_gsm1_nw4_ld8_ov1_sp0_l10_tp1_st0_ts2/kernel.cu",
      "correct": true,
      "tflops": 1340.1917608430222,
      "vs_cublas": 0.982589033345243,
      "us": 173.0560064315796,
      "rel_err": 0.003105590062111801,
      "error": null
    },
    {
      "stages": 4,
      "shared_bytes": 230400,
      "source": "study-tma-store-stages/_scratch/tier3_cluster_swizzle_tc1_bm128_bn256_bk64_ns5_gsm1_nw4_ld8_ov1_sp0_l10_tp1_st0_ts4/kernel.cu",
      "correct": true,
      "tflops": 1308.0233256041713,
      "vs_cublas": 0.9590040863181929,
      "us": 177.3120015859604,
      "rel_err": 0.003105590062111801,
      "error": null
    }
  ]
}