{
  "shape": [
    32768,
    4608,
    768
  ],
  "config": {
    "bm": 128,
    "bn": 256,
    "bk": 64,
    "ns": 5,
    "gsm": 1,
    "nw": 4,
    "persistent": 1,
    "ld_width": 8,
    "overlap": 1,
    "split_epilogue": 0,
    "l1_no_alloc": 0,
    "tma_pipelined": 1,
    "single_tmem": 0
  },
  "warmup_ms": 300,
  "rep_ms": 200,
  "cublas_tflops": 1354.847694139932,
  "cublas_samples": [
    1370.6045787493642,
    1357.5121626380235,
    1332.063411082399,
    1355.2275668852526,
    1293.0878180011637,
    1347.1667896767597,
    1311.0993255318028,
    1371.1231617847347,
    1354.4678213946113,
    1355.7345769252588
  ],
  "results": [
    {
      "stages": 2,
      "shared_bytes": 197632,
      "source": "study-tma-store-stages/_scratch/tier3_cluster_swizzle_tc1_bm128_bn256_bk64_ns5_gsm1_nw4_ld8_ov1_sp0_l10_tp1_st0_ts2/kernel.cu",
      "correct": true,
      "tflops": 1294.4735272260016,
      "vs_cublas": 0.9554384104020959,
      "us": 179.1680008172989,
      "rel_err": 0.003105590062111801,
      "error": null
    },
    {
      "stages": 1,
      "shared_bytes": 181248,
      "source": "study-tma-store-stages/_scratch/tier3_cluster_swizzle_tc1_bm128_bn256_bk64_ns5_gsm1_nw4_ld8_ov1_sp0_l10_tp1_st0_ts1/kernel.cu",
      "correct": true,
      "tflops": 1309.4412478639258,
      "vs_cublas": 0.9664859404696182,
      "us": 177.12000012397766,
      "rel_err": 0.003105590062111801,
      "error": null
    }
  ]
}